Date,Activité: en amoureux,Activité: jeu de société,Activité: social,Activité: marche,Activité: Vélo,Activité: Sport,Taf: Recherche d'emploi,Ordi: Jeu vidéo,Ordi: Code,Photos: prises,Photos: traitées,Photos: postées,Mood : Heureux,Mood: Anxiété,Mood: Apathie,Mood: Dynamique,Mood : fatigué,Mood : triste,Repas: Resto,Repas: Alcool,Repas : Café,Repas: gras ++,Repas: sucre ++,Repas : quantité ++,Repas: grignotage,Sommeil : couché tard,Sommeil : levé tard,Sommeil : mal dormi,Durée sommeil,Poids,Santé : charge lourde,Santé : Mal de dos
06-16-24,-1,-1,-1,-1,-1,-1,-1,-1,-1,-1,-1,-1,-1,-1,-1,-1,-1,-1,-1,-1,-1,-1,-1,-1,-1,-1,-1,-1,-1,-1,-1,-1
06-15-24,-1,-1,-1,-1,-1,-1,-1,-1,-1,-1,-1,-1,-1,-1,-1,-1,-1,-1,-1,-1,-1,-1,-1,-1,-1,-1,-1,-1,-1,-1,-1,-1
06-14-24,-1,-1,-1,-1,-1,-1,-1,-1,-1,-1,-1,-1,-1,-1,-1,-1,-1,-1,-1,-1,-1,-1,-1,-1,-1,-1,-1,-1,-1,-1,-1,-1
06-13-24,-1,-1,-1,-1,-1,-1,-1,-1,-1,-1,-1,-1,-1,-1,-1,-1,-1,-1,-1,-1,-1,-1,-1,-1,-1,-1,-1,-1,-1,-1,-1,-1
06-12-24,-1,-1,-1,-1,-1,-1,-1,-1,-1,-1,-1,-1,-1,-1,-1,-1,-1,-1,-1,-1,-1,-1,-1,-1,-1,-1,-1,-1,-1,-1,-1,-1
06-11-24,-1,-1,-1,-1,-1,-1,-1,-1,-1,-1,-1,-1,-1,-1,-1,-1,-1,-1,-1,-1,-1,-1,-1,-1,-1,-1,-1,-1,-1,-1,-1,-1
06-10-24,-1,-1,-1,-1,-1,-1,-1,-1,-1,-1,-1,-1,-1,-1,-1,-1,-1,-1,-1,-1,-1,-1,-1,-1,-1,-1,-1,-1,-1,-1,-1,-1
06-09-24,-1,-1,-1,-1,-1,-1,-1,-1,-1,-1,-1,-1,-1,-1,-1,-1,-1,-1,-1,-1,-1,-1,-1,-1,-1,-1,-1,-1,-1,-1,-1,-1
06-08-24,-1,-1,-1,-1,-1,-1,-1,-1,-1,-1,-1,-1,-1,-1,-1,-1,-1,-1,-1,-1,-1,-1,-1,-1,-1,-1,-1,-1,-1,-1,-1,-1
06-07-24,-1,-1,-1,-1,-1,-1,-1,-1,-1,-1,-1,-1,-1,-1,-1,-1,-1,-1,-1,-1,-1,-1,-1,-1,-1,-1,-1,-1,-1,-1,-1,-1
06-06-24,2,-1,-1,-1,-1,-1,-1,-1,-1,-1,-1,-1,-1,-1,-1,-1,-1,-1,-1,-1,-1,-1,-1,-1,-1,-1,-1,-1,-1,-1,-1,-1
06-05-24,-1,-1,-1,-1,-1,-1,-1,-1,-1,-1,-1,-1,-1,-1,-1,-1,-1,-1,-1,-1,-1,-1,-1,-1,-1,-1,-1,-1,-1,-1,-1,-1
06-04-24,-1,-1,-1,-1,-1,-1,-1,-1,-1,-1,-1,-1,-1,-1,-1,-1,-1,-1,-1,-1,-1,-1,-1,-1,-1,-1,-1,-1,-1,-1,-1,-1
06-03-24,-1,-1,-1,-1,-1,-1,-1,-1,-1,-1,-1,-1,-1,-1,-1,-1,-1,-1,-1,-1,-1,-1,-1,-1,-1,-1,-1,-1,-1,-1,-1,-1
06-02-24,2,-1,-1,-1,-1,-1,-1,-1,-1,-1,-1,-1,-1,-1,-1,-1,-1,-1,-1,-1,-1,-1,-1,-1,-1,-1,-1,-1,-1,-1,-1,-1
06-01-24,-1,-1,-1,-1,-1,-1,-1,-1,-1,-1,-1,-1,-1,-1,-1,-1,-1,-1,-1,-1,-1,-1,-1,-1,-1,-1,-1,-1,-1,-1,-1,-1
05-31-24,2,-1,-1,-1,-1,-1,-1,-1,-1,-1,-1,-1,-1,-1,-1,-1,-1,-1,-1,-1,-1,-1,-1,-1,-1,-1,-1,-1,-1,-1,-1,-1
05-30-24,2,-1,-1,-1,2,-1,-1,-1,-1,-1,-1,-1,-1,-1,-1,-1,-1,-1,-1,-1,-1,-1,-1,-1,-1,-1,-1,-1,-1,-1,-1,-1
05-29-24,-1,-1,-1,-1,-1,-1,-1,-1,-1,-1,-1,-1,-1,-1,-1,-1,-1,-1,-1,-1,-1,-1,-1,-1,-1,-1,-1,-1,-1,-1,-1,-1
05-28-24,-1,-1,-1,2,-1,-1,-1,-1,-1,1,-1,-1,-1,-1,-1,-1,-1,-1,-1,-1,-1,-1,-1,-1,-1,-1,-1,-1,-1,-1,-1,-1
05-27-24,-1,-1,-1,-1,-1,-1,-1,-1,-1,1,-1,-1,-1,-1,-1,-1,-1,-1,-1,-1,-1,-1,-1,-1,-1,-1,-1,-1,-1,-1,-1,-1
05-26-24,2,-1,-1,-1,2,-1,-1,-1,-1,1,-1,-1,-1,-1,-1,-1,-1,-1,-1,-1,-1,-1,-1,-1,-1,-1,-1,-1,-1,-1,-1,-1
05-25-24,-1,-1,-1,-1,-1,-1,-1,-1,-1,2,-1,-1,-1,-1,-1,-1,-1,-1,-1,-1,2,-1,-1,-1,-1,2,-1,-1,7000,-1,-1,-1
05-24-24,-1,-1,-1,2,2,-1,-1,-1,-1,1,-1,-1,2,-1,-1,2,-1,-1,-1,-1,2,-1,-1,-1,-1,2,-1,-1,6500,-1,-1,-1
05-23-24,-1,-1,-1,-1,2,-1,-1,-1,-1,1,-1,-1,-1,2,-1,-1,-1,2,-1,-1,2,-1,-1,-1,-1,2,-1,-1,7250,-1,-1,-1
05-22-24,-1,-1,-1,2,-1,-1,-1,-1,-1,2,-1,-1,-1,2,-1,-1,-1,-1,-1,-1,2,-1,-1,-1,-1,2,-1,-1,5750,-1,-1,-1
05-21-24,-1,-1,-1,-1,-1,-1,2,-1,-1,1,-1,-1,-1,2,2,-1,-1,2,-1,-1,2,-1,-1,-1,-1,2,-1,-1,6500,81000,-1,-1
05-20-24,-1,-1,-1,-1,-1,-1,-1,2,2,1,-1,-1,-1,-1,-1,-1,-1,-1,-1,-1,2,-1,-1,-1,-1,2,-1,-1,4100,-1,-1,-1
05-19-24,-1,-1,2,-1,2,-1,-1,-1,-1,2,-1,-1,2,-1,-1,2,-1,-1,-1,-1,2,-1,2,-1,-1,2,-1,-1,4100,-1,-1,-1
05-18-24,-1,-1,-1,-1,-1,-1,-1,-1,-1,2,-1,1,2,-1,-1,2,-1,-1,-1,2,2,-1,-1,-1,-1,2,-1,-1,6100,-1,-1,-1
05-17-24,-1,-1,-1,-1,-1,-1,2,-1,-1,2,-1,1,2,2,-1,2,-1,-1,-1,-1,2,-1,-1,-1,-1,2,-1,-1,4200,-1,-1,-1
05-16-24,-1,-1,-1,2,-1,-1,-1,2,2,1,2,1,-1,-1,-1,2,-1,-1,-1,-1,2,-1,-1,-1,-1,-1,-1,-1,6500,-1,-1,-1
05-15-24,-1,-1,2,-1,-1,-1,2,-1,-1,-1,-1,1,-1,-1,-1,2,-1,-1,-1,-1,2,-1,-1,-1,2,-1,2,-1,7000,-1,-1,-1
05-14-24,-1,-1,-1,-1,-1,-1,-1,2,2,-1,-1,1,-1,2,-1,-1,-1,-1,-1,-1,2,-1,-1,-1,-1,-1,-1,-1,7000,-1,-1,-1
05-13-24,-1,-1,2,-1,-1,-1,-1,-1,2,-1,-1,2,-1,2,2,-1,-1,2,-1,-1,2,-1,-1,-1,-1,-1,-1,2,5750,-1,-1,-1
05-12-24,-1,-1,-1,1,-1,-1,-1,-1,-1,-1,2,2,-1,2,-1,-1,-1,-1,-1,-1,2,-1,-1,2,-1,2,-1,-1,4100,-1,-1,2
05-11-24,-1,-1,-1,2,-1,-1,-1,-1,-1,-1,-1,2,-1,2,-1,-1,2,-1,2,-1,2,-1,2,-1,2,2,2,2,4100,-1,-1,2
05-10-24,2,-1,-1,2,-1,-1,-1,-1,-1,-1,2,1,-1,2,-1,-1,-1,-1,-1,-1,2,-1,-1,-1,-1,2,-1,-1,6100,-1,-1,-1
05-09-24,-1,-1,-1,1,-1,-1,2,-1,2,2,-1,1,-1,-1,-1,2,-1,-1,-1,-1,2,-1,-1,-1,2,2,2,2,4200,-1,-1,2
05-08-24,-1,-1,-1,2,-1,-1,-1,2,-1,-1,-1,1,-1,-1,-1,-1,-1,2,-1,-1,2,-1,-1,2,-1,-1,-1,-1,7500,-1,-1,-1
05-07-24,-1,-1,2,1,-1,-1,-1,-1,-1,-1,-1,1,-1,-1,2,-1,2,-1,-1,-1,-1,-1,-1,-1,-1,-1,-1,-1,5250,-1,-1,-1
05-06-24,-1,-1,-1,2,-1,-1,-1,-1,-1,2,-1,1,-1,-1,-1,2,-1,-1,-1,-1,-1,-1,-1,2,-1,-1,-1,-1,6250,-1,2,-1
05-05-24,2,-1,-1,2,-1,-1,1,-1,-1,-1,-1,-1,-1,-1,-1,2,2,-1,2,-1,2,-1,-1,-1,-1,-1,-1,2,6500,-1,-1,-1
05-04-24,2,-1,-1,2,-1,-1,2,1,-1,-1,2,-1,-1,-1,-1,2,-1,-1,2,2,2,-1,-1,-1,-1,-1,-1,2,6750,-1,-1,-1
05-03-24,1,1,1,2,2,-1,2,2,-1,-1,-1,2,-1,2,-1,2,-1,-1,-1,-1,2,-1,-1,-1,2,2,2,-1,6250,-1,-1,-1
05-02-24,1,1,2,-1,-1,-1,1,2,-1,-1,-1,-1,-1,-1,-1,2,-1,-1,-1,-1,2,-1,-1,-1,-1,2,-1,-1,6250,-1,-1,2
05-01-24,2,1,2,-1,2,-1,2,1,-1,-1,-1,-1,-1,-1,-1,-1,-1,-1,2,-1,2,-1,-1,-1,-1,-1,-1,-1,7000,-1,-1,2
04-30-24,1,1,1,-1,2,2,1,2,-1,-1,1,2,-1,2,2,-1,-1,2,-1,-1,-1,-1,-1,2,-1,-1,-1,2,6500,-1,-1,-1
04-29-24,1,1,2,-1,-1,-1,2,1,-1,2,2,2,-1,-1,-1,2,2,-1,-1,-1,2,-1,-1,-1,1,-1,1,2,7500,-1,2,-1
04-28-24,2,1,1,2,-1,-1,2,2,-1,-1,2,2,-1,-1,-1,2,-1,-1,-1,-1,2,-1,-1,-1,2,-1,2,2,7500,-1,-1,-1
04-27-24,2,2,2,-1,-1,-1,2,2,-1,-1,1,2,-1,-1,-1,-1,-1,-1,-1,2,2,-1,-1,-1,2,-1,2,2,5250,-1,-1,-1
04-26-24,1,2,2,-1,-1,-1,-1,1,-1,-1,2,2,-1,-1,-1,-1,-1,2,-1,-1,2,2,-1,1,1,2,1,2,7500,-1,-1,-1
04-25-24,1,2,2,2,-1,-1,2,1,-1,-1,1,-1,-1,-1,-1,2,1,-1,-1,-1,2,-1,-1,2,2,2,2,-1,-1,-1,-1,-1
04-24-24,1,2,2,-1,-1,-1,-1,2,-1,-1,2,-1,-1,-1,-1,2,2,2,-1,2,2,-1,-1,2,1,-1,1,-1,6400,-1,2,-1
04-23-24,1,2,2,2,-1,-1,-1,-1,2,-1,2,2,-1,2,-1,2,2,-1,-1,-1,2,-1,-1,1,2,-1,2,-1,8000,-1,2,2
04-22-24,1,2,2,2,-1,2,2,-1,2,2,1,2,-1,-1,-1,2,1,-1,-1,2,2,2,-1,2,-1,-1,-1,-1,6200,-1,2,-1
04-21-24,-1,2,2,2,-1,-1,-1,-1,0,-1,1,-1,-1,-1,-1,2,2,-1,-1,-1,2,-1,-1,1,-1,2,-1,-1,7000,-1,-1,-1
04-20-24,1,2,2,-1,-1,-1,-1,-1,2,2,1,-1,-1,-1,-1,2,1,-1,-1,-1,-1,-1,-1,2,-1,2,-1,-1,5250,-1,-1,-1
04-19-24,1,1,-1,-1,-1,-1,-1,-1,-1,2,1,2,-1,-1,-1,-1,2,-1,-1,-1,-1,-1,-1,-1,-1,-1,-1,-1,6700,-1,-1,-1
04-18-24,1,1,-1,-1,-1,-1,-1,-1,-1,-1,1,2,2,-1,2,-1,-1,2,-1,-1,-1,-1,-1,-1,-1,0,-1,-1,5500,-1,-1,-1
04-17-24,1,-1,-1,-1,-1,-1,2,-1,2,2,2,2,-1,-1,-1,2,-1,-1,-1,-1,2,-1,-1,-1,-1,2,-1,-1,5500,-1,-1,-1
04-16-24,1,2,-1,-1,-1,-1,2,-1,-1,-1,1,2,-1,2,2,-1,2,-1,-1,2,2,-1,-1,2,2,2,-1,-1,6000,-1,-1,-1
04-15-24,2,-1,-1,2,-1,-1,2,-1,2,2,1,2,-1,-1,2,-1,2,-1,-1,-1,2,-1,-1,-1,-1,2,-1,-1,5900,-1,-1,-1
04-14-24,2,2,-1,-1,2,-1,2,-1,2,2,1,2,2,2,-1,-1,-1,-1,-1,-1,2,-1,-1,-1,2,2,2,-1,7500,-1,-1,-1
04-13-24,-1,2,-1,2,-1,-1,2,-1,-1,2,1,-1,-1,-1,-1,2,-1,-1,-1,-1,2,-1,2,-1,2,-1,-1,-1,-1,-1,2,-1
04-12-24,-1,-1,-1,2,2,-1,-1,-1,-1,-1,2,-1,2,2,-1,-1,2,-1,2,-1,2,-1,-1,-1,-1,-1,-1,-1,6400,-1,-1,-1
04-11-24,-1,-1,-1,-1,-1,-1,-1,-1,-1,-1,-1,2,-1,-1,2,-1,2,-1,-1,-1,2,-1,-1,2,-1,-1,-1,-1,8000,-1,-1,-1
04-10-24,-1,-1,-1,-1,2,-1,-1,-1,-1,-1,-1,-1,-1,2,-1,-1,2,-1,2,-1,2,-1,-1,-1,-1,-1,-1,-1,6200,-1,-1,-1
04-09-24,-1,-1,2,-1,-1,-1,2,-1,-1,-1,-1,-1,-1,2,-1,-1,2,-1,2,-1,2,-1,-1,-1,-1,-1,-1,2,6200,-1,-1,-1
04-08-24,-1,-1,-1,-1,-1,-1,-1,-1,-1,-1,-1,-1,-1,2,-1,-1,2,-1,-1,-1,2,-1,-1,-1,-1,-1,-1,2,6000,-1,2,-1
04-07-24,-1,-1,-1,-1,2,-1,-1,-1,2,-1,-1,2,-1,-1,-1,2,2,-1,-1,0,2,-1,-1,-1,-1,2,2,2,8600,-1,-1,-1
04-06-24,-1,2,-1,-1,-1,-1,-1,-1,-1,-1,-1,-1,2,-1,-1,2,-1,-1,-1,2,2,2,-1,-1,-1,-1,-1,-1,6800,-1,-1,-1
04-05-24,-1,-1,2,2,-1,-1,-1,-1,2,-1,-1,-1,-1,-1,-1,-1,-1,-1,-1,-1,2,-1,-1,2,-1,-1,-1,-1,6100,-1,2,-1
04-04-24,-1,2,-1,-1,-1,-1,2,-1,2,-1,-1,-1,-1,-1,2,-1,2,-1,-1,-1,-1,2,2,-1,-1,-1,-1,-1,8000,-1,-1,-1
04-03-24,2,2,2,2,-1,-1,2,-1,-1,-1,-1,-1,-1,-1,2,-1,2,-1,-1,-1,2,-1,-1,2,2,-1,-1,-1,7800,-1,-1,-1
04-02-24,-1,-1,2,2,-1,2,-1,-1,2,-1,-1,-1,1,-1,2,-1,2,-1,2,-1,2,2,2,2,-1,-1,-1,-1,6250,80000,-1,-1
04-01-24,-1,2,-1,-1,-1,-1,-1,2,2,-1,-1,2,2,-1,-1,-1,2,-1,-1,-1,2,2,2,-1,-1,-1,-1,2,6400,-1,-1,2
03-31-24,-1,2,-1,2,-1,-1,-1,-1,2,2,-1,2,2,-1,-1,2,-1,2,2,2,2,2,-1,-1,-1,-1,2,2,5400,-1,-1,2
03-30-24,2,2,-1,2,-1,-1,2,-1,2,-1,-1,-1,1,-1,-1,2,-1,-1,2,2,2,-1,-1,-1,-1,-1,2,2,6380,-1,-1,2
03-29-24,-1,2,2,2,-1,2,-1,-1,-1,-1,-1,-1,2,-1,-1,2,-1,-1,-1,-1,2,-1,-1,-1,-1,-1,-1,2,6700,80500,-1,2
03-28-24,2,-1,-1,2,-1,-1,2,2,2,-1,-1,-1,1,2,-1,-1,2,-1,2,-1,-1,-1,-1,-1,-1,2,-1,2,8250,-1,2,-1
03-27-24,2,-1,-1,-1,-1,2,2,-1,-1,-1,-1,-1,2,2,2,-1,-1,2,2,-1,-1,-1,-1,-1,-1,-1,-1,-1,6450,-1,-1,-1
03-26-24,-1,2,-1,-1,-1,-1,-1,2,-1,-1,2,-1,-1,2,-1,-1,2,-1,2,-1,-1,-1,-1,-1,-1,-1,-1,-1,7200,-1,-1,-1
03-25-24,-1,-1,-1,2,-1,-1,-1,-1,2,-1,-1,-1,-1,2,-1,2,2,2,2,2,-1,-1,2,-1,2,2,-1,-1,6100,-1,-1,-1
03-24-24,-1,2,-1,-1,2,-1,-1,-1,2,2,-1,-1,-1,-1,-1,2,2,-1,-1,-1,-1,-1,-1,-1,-1,2,2,2,8000,-1,-1,2
03-23-24,2,-1,-1,-1,-1,-1,-1,-1,2,-1,-1,1,-1,-1,2,-1,-1,-1,-1,-1,2,-1,2,-1,-1,2,-1,-1,6700,-1,2,-1
03-22-24,-1,-1,-1,2,-1,-1,-1,-1,2,-1,2,1,-1,-1,-1,2,2,-1,-1,-1,2,-1,2,-1,-1,-1,-1,-1,8250,-1,-1,-1
03-21-24,-1,-1,-1,1,-1,2,-1,-1,2,2,-1,2,-1,-1,-1,2,-1,-1,-1,-1,2,-1,-1,-1,-1,-1,-1,-1,8750,-1,-1,-1
03-20-24,-1,-1,-1,1,2,-1,2,2,2,-1,2,1,-1,-1,-1,-1,2,-1,-1,-1,2,-1,2,-1,-1,-1,-1,2,7100,-1,-1,-1
03-19-24,-1,-1,-1,1,-1,-1,-1,-1,2,-1,-1,1,-1,-1,-1,2,-1,2,-1,-1,2,-1,2,-1,-1,-1,-1,2,6380,-1,-1,-1
03-18-24,-1,2,-1,1,2,-1,2,-1,2,1,-1,1,2,-1,-1,2,2,-1,-1,-1,2,2,2,-1,-1,-1,-1,-1,6700,-1,-1,-1
03-17-24,-1,-1,-1,1,-1,1,2,-1,2,2,-1,2,2,2,-1,2,2,-1,-1,-1,2,-1,2,-1,-1,2,2,2,8250,81000,-1,-1
03-16-24,-1,-1,-1,1,2,2,-1,1,-1,1,-1,2,2,-1,-1,2,2,-1,-1,2,2,-1,-1,-1,-1,2,2,-1,8750,-1,-1,-1
03-15-24,-1,-1,-1,2,2,2,2,2,-1,1,-1,2,-1,-1,-1,-1,-1,1,-1,-1,2,-1,-1,-1,2,-1,-1,-1,7100,-1,-1,-1
03-14-24,-1,1,-1,-1,2,1,2,2,-1,1,2,1,-1,2,-1,-1,-1,2,-1,2,2,-1,-1,-1,-1,2,-1,-1,5500,-1,-1,-1
03-13-24,-1,2,2,-1,-1,2,2,1,-1,1,1,2,-1,2,-1,-1,-1,2,-1,-1,2,-1,-1,2,-1,-1,-1,-1,6600,-1,-1,-1
03-12-24,-1,2,-1,-1,-1,1,2,2,-1,1,1,2,-1,-1,-1,2,-1,1,-1,2,2,-1,-1,-1,2,-1,-1,-1,7400,80500,-1,-1
03-11-24,-1,1,-1,-1,-1,2,-1,1,-1,1,1,1,-1,2,-1,-1,-1,2,-1,2,2,2,-1,-1,2,-1,-1,2,6400,-1,-1,-1
03-10-24,-1,2,-1,1,-1,2,-1,2,-1,2,1,2,2,-1,-1,2,-1,1,-1,2,2,-1,-1,-1,2,2,2,-1,7200,-1,2,-1
03-09-24,-1,1,-1,1,-1,1,-1,2,-1,2,1,1,2,-1,-1,2,-1,2,-1,-1,2,-1,-1,-1,-1,-1,2,2,7900,-1,-1,2
03-08-24,-1,2,-1,1,-1,2,-1,2,1,-1,2,-1,1,1,1,-1,-1,-1,-1,-1,1,2,-1,2,-1,-1,-1,-1,6500,-1,2,2
03-07-24,2,2,-1,-1,-1,1,2,2,-1,1,2,1,2,-1,-1,2,-1,-1,-1,-1,2,-1,-1,-1,-1,-1,-1,2,6400,-1,-1,-1
03-06-24,2,-1,-1,2,-1,2,2,2,-1,2,-1,1,2,-1,-1,2,-1,-1,2,-1,2,-1,-1,2,-1,-1,-1,2,5800,-1,-1,-1
03-05-24,1,-1,-1,-1,-1,1,2,1,-1,2,-1,-1,-1,-1,-1,-1,-1,-1,-1,-1,2,-1,-1,-1,-1,-1,-1,-1,6600,79500,-1,-1
03-04-24,1,-1,-1,-1,-1,1,-1,1,2,1,-1,-1,-1,-1,-1,-1,-1,-1,-1,-1,2,-1,-1,-1,-1,-1,-1,-1,7170,-1,-1,-1
03-03-24,2,-1,-1,2,-1,1,-1,1,2,2,-1,-1,2,-1,-1,2,2,-1,-1,-1,2,-1,-1,-1,-1,-1,-1,-1,6000,-1,-1,-1
03-02-24,2,-1,-1,-1,-1,2,-1,2,2,1,1,-1,2,-1,-1,2,-1,-1,2,-1,2,2,-1,-1,2,-1,-1,-1,6200,-1,-1,-1
03-01-24,1,-1,1,-1,2,-1,1,1,1,-1,2,-1,-1,-1,1,-1,-1,2,-1,-1,2,-1,2,-1,-1,-1,-1,-1,6400,-1,-1,-1
02-29-24,1,-1,-1,-1,-1,1,0,1,-1,2,1,-1,-1,-1,-1,2,-1,-1,-1,-1,2,-1,-1,-1,-1,-1,-1,-1,6500,-1,-1,-1
02-28-24,1,-1,-1,-1,-1,2,2,2,-1,1,1,-1,-1,-1,2,-1,-1,-1,-1,-1,2,-1,-1,-1,-1,-1,-1,-1,6400,-1,-1,-1
02-27-24,-1,-1,-1,-1,-1,1,2,2,-1,1,2,2,2,-1,-1,2,-1,-1,2,-1,2,0,2,2,-1,-1,-1,-1,7200,79300,-1,-1
02-26-24,-1,-1,2,-1,-1,1,-1,2,-1,1,2,-1,-1,-1,2,-1,-1,-1,-1,2,2,2,-1,2,2,-1,-1,-1,7500,-1,-1,-1
02-25-24,-1,-1,-1,2,-1,1,-1,2,-1,1,2,-1,-1,2,2,-1,2,2,-1,-1,2,-1,-1,-1,-1,2,-1,-1,6500,-1,-1,-1
02-24-24,-1,-1,2,-1,-1,-1,-1,2,-1,1,1,-1,-1,-1,2,-1,-1,-1,-1,-1,2,-1,-1,-1,-1,2,2,-1,6500,-1,-1,-1
02-23-24,-1,-1,2,-1,2,-1,2,1,-1,1,2,-1,-1,-1,-1,-1,-1,-1,-1,-1,2,2,-1,2,2,-1,-1,-1,7250,-1,-1,-1
02-22-24,-1,-1,-1,-1,-1,-1,2,2,-1,1,1,-1,-1,-1,2,-1,2,2,-1,-1,2,-1,-1,0,-1,-1,-1,2,7180,79100,-1,-1
02-21-24,-1,-1,-1,-1,-1,-1,-1,2,2,1,1,-1,-1,2,2,-1,-1,-1,-1,-1,2,2,-1,-1,-1,-1,-1,-1,6400,79200,-1,-1
02-20-24,-1,-1,-1,-1,2,-1,-1,1,-1,1,2,-1,-1,-1,2,-1,-1,2,-1,-1,2,2,2,-1,-1,2,-1,-1,6500,-1,-1,-1
02-19-24,-1,-1,2,-1,-1,-1,-1,2,-1,2,1,-1,2,2,-1,-1,-1,-1,-1,2,2,2,-1,1,-1,-1,-1,-1,7200,-1,-1,-1
02-18-24,-1,-1,-1,2,-1,1,-1,-1,2,2,1,-1,2,-1,-1,-1,-1,2,2,-1,2,2,-1,1,-1,-1,-1,-1,7500,-1,-1,-1
02-17-24,2,-1,-1,-1,1,1,-1,2,-1,2,1,1,2,-1,-1,-1,-1,2,-1,-1,2,2,-1,1,-1,2,-1,-1,8500,-1,-1,-1
02-16-24,-1,-1,-1,2,2,1,-1,-1,-1,1,1,1,-1,-1,-1,-1,-1,2,-1,2,2,-1,-1,1,-1,-1,-1,-1,7500,-1,-1,-1
02-15-24,-1,-1,-1,-1,1,1,2,2,-1,1,1,2,-1,-1,-1,2,2,-1,-1,-1,-1,2,-1,1,2,-1,-1,-1,6500,-1,-1,-1
02-14-24,-1,1,-1,2,2,2,-1,2,-1,1,1,1,2,0,0,-1,2,-1,-1,-1,2,2,-1,1,2,-1,-1,-1,6500,-1,-1,-1
02-13-24,2,1,-1,-1,2,1,2,2,-1,1,1,1,-1,2,-1,-1,-1,-1,-1,-1,2,-1,2,2,2,-1,-1,2,7250,79000,-1,-1
02-12-24,-1,1,-1,2,-1,2,-1,-1,-1,2,1,1,2,-1,-1,2,-1,-1,-1,-1,2,-1,-1,-1,-1,2,2,-1,7180,-1,-1,-1
02-11-24,2,1,-1,2,-1,1,2,-1,2,2,2,2,2,-1,-1,-1,-1,-1,2,-1,2,-1,2,-1,-1,2,2,-1,8700,-1,-1,-1
02-10-24,2,1,-1,2,-1,2,2,-1,-1,1,2,2,2,-1,-1,-1,-1,-1,-1,-1,2,-1,-1,-1,-1,2,2,-1,7750,78900,-1,-1
02-09-24,-1,1,-1,-1,-1,1,2,-1,-1,1,1,2,-1,2,-1,-1,-1,-1,-1,-1,2,-1,2,-1,2,2,2,-1,7200,-1,-1,-1
02-08-24,-1,2,-1,-1,-1,1,-1,-1,-1,1,1,1,-1,0,-1,-1,-1,-1,-1,2,-1,-1,-1,1,-1,2,-1,-1,7500,-1,-1,-1
02-07-24,-1,-1,-1,-1,2,2,-1,-1,-1,1,2,2,2,-1,-1,-1,-1,-1,-1,-1,-1,2,2,1,-1,2,2,2,8500,-1,-1,-1
02-06-24,2,-1,-1,-1,-1,1,-1,-1,-1,1,1,2,-1,-1,-1,-1,-1,-1,-1,-1,-1,-1,2,1,-1,-1,-1,-1,-1,-1,-1,-1
02-05-24,-1,-1,-1,-1,-1,1,-1,-1,-1,2,2,1,-1,2,2,2,-1,-1,-1,-1,-1,-1,2,-1,-1,-1,-1,-1,-1,-1,-1,-1
02-04-24,-1,-1,-1,-1,-1,1,-1,-1,2,1,2,2,-1,2,2,-1,-1,-1,-1,-1,2,2,-1,2,2,-1,-1,-1,-1,79000,-1,-1
02-03-24,-1,-1,2,-1,-1,-1,-1,-1,-1,2,2,2,-1,-1,-1,-1,-1,2,-1,-1,2,-1,-1,-1,2,-1,-1,-1,-1,-1,-1,-1
02-02-24,-1,-1,-1,-1,2,-1,-1,-1,2,2,1,2,2,-1,-1,-1,-1,-1,-1,-1,2,-1,-1,-1,-1,-1,-1,-1,-1,-1,-1,-1
02-01-24,-1,-1,2,-1,2,-1,-1,-1,-1,1,1,1,2,-1,-1,-1,-1,-1,-1,-1,2,2,-1,-1,-1,-1,-1,-1,-1,78600,-1,-1
01-31-24,-1,-1,1,-1,2,-1,-1,2,1,-1,2,-1,-1,-1,1,-1,-1,-1,-1,-1,-1,-1,-1,-1,-1,-1,-1,-1,-1,-1,-1,-1
01-30-24,-1,-1,-1,-1,-1,-1,-1,-1,-1,1,2,2,2,-1,-1,-1,-1,-1,-1,-1,2,-1,-1,-1,2,-1,-1,-1,-1,-1,-1,-1
01-29-24,-1,-1,-1,-1,-1,-1,-1,-1,2,1,2,1,-1,-1,-1,2,-1,-1,-1,2,-1,-1,-1,-1,-1,-1,-1,-1,-1,-1,-1,-1
01-28-24,-1,-1,-1,2,-1,-1,-1,-1,2,2,1,1,2,2,-1,-1,-1,-1,2,-1,2,-1,-1,-1,0,-1,-1,-1,-1,-1,-1,-1
01-27-24,-1,-1,-1,-1,-1,-1,2,-1,2,2,1,1,2,-1,-1,2,-1,2,2,2,2,2,-1,2,2,-1,-1,-1,-1,-1,-1,-1
01-26-24,-1,-1,-1,-1,2,-1,-1,-1,-1,1,1,1,-1,2,-1,-1,-1,-1,-1,-1,2,-1,-1,-1,-1,-1,-1,-1,-1,-1,-1,-1
01-25-24,-1,-1,-1,-1,0,-1,-1,-1,-1,1,1,1,-1,2,-1,-1,-1,-1,-1,-1,2,2,-1,2,-1,-1,-1,-1,-1,-1,-1,-1
01-24-24,-1,1,-1,-1,-1,-1,-1,2,-1,2,2,2,-1,-1,2,-1,-1,2,-1,-1,2,-1,-1,-1,2,-1,-1,-1,-1,-1,-1,-1
01-23-24,-1,1,-1,-1,-1,-1,-1,-1,-1,1,1,2,2,2,2,-1,-1,-1,-1,-1,2,-1,2,-1,2,-1,-1,-1,-1,-1,-1,-1
01-22-24,-1,1,-1,-1,-1,-1,-1,-1,-1,1,-1,1,-1,-1,2,-1,-1,-1,-1,-1,2,2,-1,-1,-1,-1,-1,-1,-1,-1,-1,-1
01-21-24,2,1,2,2,-1,0,-1,2,-1,2,-1,2,2,-1,-1,-1,-1,-1,-1,-1,2,-1,-1,-1,-1,-1,-1,-1,-1,77500,-1,-1
01-20-24,1,1,-1,-1,-1,-1,2,-1,-1,1,-1,1,-1,-1,-1,2,-1,-1,-1,-1,-1,-1,-1,-1,-1,-1,-1,-1,-1,-1,-1,-1
01-19-24,1,1,1,-1,2,-1,-1,-1,1,-1,2,-1,-1,-1,1,-1,-1,2,-1,-1,2,-1,-1,-1,2,-1,-1,-1,-1,-1,-1,-1
01-18-24,2,2,2,2,2,-1,-1,-1,-1,2,0,1,2,2,-1,-1,-1,-1,-1,-1,-1,2,2,-1,-1,-1,-1,-1,-1,-1,-1,-1
01-17-24,-1,-1,-1,-1,2,-1,2,-1,-1,1,-1,1,-1,2,2,2,-1,-1,-1,-1,2,-1,-1,-1,-1,-1,-1,-1,-1,77400,-1,-1
01-16-24,-1,-1,-1,-1,2,-1,-1,2,2,1,-1,1,-1,0,-1,-1,-1,-1,-1,-1,2,-1,-1,-1,-1,-1,-1,-1,-1,-1,-1,-1
01-15-24,-1,-1,-1,-1,-1,-1,-1,-1,-1,2,-1,1,-1,2,2,-1,-1,-1,-1,-1,2,-1,-1,2,-1,-1,-1,-1,-1,-1,-1,-1
01-14-24,-1,-1,-1,-1,-1,-1,-1,-1,2,1,-1,1,2,2,-1,-1,-1,-1,-1,-1,-1,-1,-1,-1,2,-1,-1,-1,-1,77600,-1,-1
01-13-24,-1,1,-1,-1,-1,-1,-1,-1,2,1,1,1,2,2,-1,-1,-1,-1,2,-1,-1,-1,-1,2,2,-1,-1,-1,-1,-1,-1,-1
01-12-24,-1,1,-1,-1,-1,-1,0,-1,-1,1,2,2,-1,2,0,-1,-1,-1,-1,-1,-1,-1,2,2,2,-1,-1,-1,-1,77400,-1,-1
01-11-24,-1,1,-1,2,-1,-1,0,-1,-1,2,1,2,2,-1,2,-1,-1,-1,-1,-1,-1,2,-1,0,-1,-1,-1,-1,-1,-1,-1,-1
01-10-24,-1,1,-1,-1,-1,-1,2,-1,0,1,1,1,2,-1,2,2,-1,-1,-1,-1,-1,-1,-1,-1,2,-1,-1,-1,-1,-1,-1,-1
01-09-24,-1,1,-1,-1,-1,-1,2,-1,2,1,1,-1,-1,2,-1,-1,-1,-1,-1,-1,-1,-1,-1,-1,-1,-1,-1,-1,-1,77300,-1,-1
01-08-24,-1,1,-1,2,-1,1,1,1,-1,2,-1,-1,-1,1,-1,-1,2,-1,-1,-1,-1,2,0,-1,0,-1,-1,-1,-1,-1,-1,-1
01-07-24,2,2,-1,-1,-1,-1,0,2,2,2,2,-1,2,-1,-1,-1,-1,-1,2,-1,-1,-1,2,-1,-1,-1,-1,-1,-1,77250,-1,-1
01-06-24,-1,-1,-1,-1,-1,-1,0,-1,2,1,2,-1,2,-1,-1,-1,-1,-1,2,-1,-1,-1,-1,-1,-1,-1,-1,-1,-1,-1,-1,-1
01-05-24,-1,-1,-1,-1,-1,-1,2,-1,2,1,1,-1,-1,2,2,-1,-1,-1,-1,-1,-1,-1,-1,-1,2,-1,-1,-1,-1,-1,-1,-1
01-04-24,-1,-1,-1,2,-1,-1,-1,2,-1,1,1,-1,-1,-1,-1,-1,-1,-1,-1,-1,-1,-1,-1,-1,-1,-1,-1,-1,-1,-1,-1,-1
01-03-24,2,-1,-1,-1,-1,-1,-1,-1,-1,1,1,-1,-1,-1,-1,2,-1,-1,-1,-1,-1,-1,-1,-1,-1,-1,-1,-1,-1,-1,-1,-1
01-02-24,-1,-1,-1,2,-1,-1,-1,-1,-1,1,1,-1,-1,-1,-1,-1,-1,-1,-1,-1,2,-1,-1,-1,-1,-1,-1,-1,-1,-1,-1,-1
01-01-24,2,-1,-1,-1,-1,-1,-1,-1,-1,-1,1,-1,-1,-1,-1,2,-1,-1,-1,-1,-1,2,-1,-1,-1,-1,-1,-1,-1,-1,-1,-1
12-31-23,2,-1,-1,2,-1,-1,-1,-1,-1,-1,-1,-1,-1,-1,-1,-1,-1,-1,-1,-1,-1,-1,-1,-1,-1,-1,-1,-1,-1,-1,-1,-1
